sentence,label
The company's stock reached an all-time high even as regulatory investigations loom.,3
Dividend payouts increased substantially despite a forecasted slowdown in global demand.,3
"Sales volumes surged, but the company faces ongoing supply chain disruptions that could hinder future growth.",3
"The new product launch received positive reviews, although initial sales figures have been underwhelming.",3
"Despite a record-breaking quarter, the CEO's unexpected resignation has created uncertainty among investors.",3
"The partnership with a leading tech firm is promising, yet it comes with high integration costs.",3
"While customer satisfaction scores improved, employee turnover rates have also risen.",3
The expansion into new markets offers growth potential but comes with significant geopolitical risks.,3
"Although the company secured a major contract, it involves tight margins that could impact profitability.",3
"Innovative technology development positions the company well, but increasing R&D expenses have squeezed short-term earnings.",3
"The successful debt refinancing extended obligations, providing liquidity but increasing long-term liabilities.",3
"The brand's global reach has expanded, but currency fluctuations have negatively impacted revenue.",3
"Improved operational efficiencies are evident, although the restructuring process led to hefty one-time charges.",3
"The strategic acquisition enhances product offerings, yet has diluted earnings per share.",3
"Strong demand in core markets continues, though growth in emerging markets has stagnated.",3
"The company's cash reserves have increased, but deferred maintenance expenditures present future challenges.",3
"Positive feedback from major clients is encouraging, yet delayed project timelines have caused concerns.",3
"The firm achieved cost reductions; however, these came at the expense of product quality.",3
"A revamped marketing strategy has boosted brand visibility, but customer acquisition costs remain high.",3
"The robust patent portfolio protects against competition, although litigation costs are mounting.",3
"Record revenue was achieved, but underperformance in key segments casts doubt on future projections.",3
"The strong balance sheet supports future investments, but current asset turnover is below industry averages.",3
"While the digital transformation accelerates growth, it has disrupted traditional revenue streams.",3
"Increased capital expenditure promises long-term growth, but short-term profitability has taken a hit.",3
"The high employee engagement levels are promising, but wage inflation pressures margins.",3
"The loyalty program has increased customer retention, yet promotional expenses have climbed.",3
The promising entry into the renewable energy sector coincides with declining fossil fuel revenues.,3
"New strategic hires could drive innovation, though they come with substantial onboarding expenses.",3
The impressive market entry was accompanied by aggressive discounting that eroded profit margins.,3
"Although the debt-to-equity ratio improved, cash flow from operations remains weak.",3
"The company secured a favorable credit rating, yet interest expenses are set to rise.",3
"Despite a strong IPO, the competitive landscape presents significant hurdles.",3
"The board approved a share buyback program, but external macroeconomic uncertainties persist.",3
"Collaborations with industry leaders have strengthened R&D, yet competitor patent challenges loom.",3
"The digital platform's user base has expanded, though server capacity issues have emerged.",3
"While product innovation drives customer interest, the supply of key components is limited.",3
"The subsidiary's performance exceeded expectations, but core business operations underperformed.",3
"Although market confidence is high, recent insider trading raises governance concerns.",3
"The interest in sustainable products is growing, yet production costs have risen sharply.",3
"The successful brand repositioning has increased market engagement, but brand loyalty remains questionable.",3
"While the share price has doubled, hedge funds have increased short positions.",3
"The new strategic alliance opens new markets, but cultural integration could pose challenges.",3
"Although the sector is booming, the company's investments are at risk due to regulatory changes.",3
"The enhanced product features are well-received, but the rollout costs are significant.",3
"Although profit forecasts have been revised upwards, the stock's volatility remains high.",3
"The recent data breach was respectfully handled, yet customer trust needs rebuilding.",3
"The robust CRM system improves customer insights, but technical glitches have frustrated users.",3
"New financing terms are favorable, although the company's leverage ratio remains a concern.",3
"While demand for luxury goods increases, supply chain issues have hampered delivery schedules.",3
"The high-profile sponsorship deal boosts brand visibility, yet costs weigh on the bottom line.",3
"The promising research results are encouraging, but FDA approval is still pending.",3
"Cost synergies from the merger are evident, although integration challenges continue to loom.",3
"The venture capital investment secures future opportunities, though it dilutes current stakeholders.",3
The increased marketing spend drives top-line growth but has compressed operating margins.,3
"While the diversification strategy reduces dependency, it requires substantial capital commitments.",3
"Although revenue from new products is strong, legacy products sales have declined.",3
"The strategic pivot to digital platforms has increased engagement, yet monetization remains elusive.",3
The recent settlement resolves legal issues but involves a hefty financial penalty.,3
"The company's sustainability initiatives are well-received, but implementation costs are steep.",3
"The robust pipeline of projects promises growth, though project execution remains a challenge.",3
"The favorable tariff revisions boost competitiveness, yet geopolitical tensions remain high.",3
"The rapid growth of the client portfolio is commendable, but client attrition rates are concerning.",3
The strategic divestiture strengthens the balance sheet but reduces revenue diversification.,3
"Although the market position is strong, disruptive technologies could pose a future threat.",3
"The streamlined operations reduce costs, though at the potential risk of service quality.",3
"The favorable industry trends support growth, yet internal inefficiencies have delayed product launches.",3
New safety standards improve compliance but increase operational costs.,3
"The online platform's user interface has improved, though customer service still lags.",3
"While market share has grown, profitability margins have contracted.",3
"The strong IP portfolio provides competitive advantage, yet monetization remains a challenge.",3
"The successful geographic expansion offers growth, but political instability poses risks.",3
"While order backlogs reflect demand, they also highlight fulfillment challenges.",3
"The increased focus on AI technology is forward-thinking, but data privacy concerns persist.",3
"The positive credit rating reassessment boosts investor confidence, but financial leverage is high.",3
"The favorable economic climate supports expansion, yet inflationary pressures loom.",3
"The talent acquisition strategy enhances capabilities, though retention rates have plateaued.",3
"The robust supply chain network improves efficiency, yet supplier dependency is a risk.",3
"While patent expirations are a concern, the strong pipeline of new drugs offers hope.",3
"The strong cash flow supports dividend increases, but growth investments are needed.",3
"The expansion into the e-commerce space is timely, but competition is intensifying.",3
"The favorable regulatory changes support innovation, yet compliance costs are rising.",3
"While the diversified product range reduces risk, it complicates inventory management.",3
"The transition to cloud services expands offerings, yet cybersecurity threats have intensified.",3
"The partnership with academia drives innovation, though ROI is uncertain.",3
"The increased focus on core competencies enhances performance, yet niche markets are neglected.",3
"The new CEO brings fresh vision, but leadership turnover raises concerns.",3
"While the cost-cutting measures have improved margins, employee morale has suffered.",3
"The successful market entry in Asia presents opportunities, but cultural barriers exist.",3
"The strategic divestment frees capital, yet results in a loss of revenue streams.",3
"The product recall was managed well, but reputation damage is a concern.",3
"The improved brand positioning appeals to new demographics, but alienates loyal customers.",3
"While the corporate restructuring boosts efficiency, it incurs substantial upfront costs.",3
"The strong social media presence enhances connectivity, yet exposes the brand to public scrutiny.",3
"The innovative design techniques reduce production costs, but require significant R&D investment.",3
"The increased direct-to-consumer sales improve margins, but logistics challenges are evident.",3
"The regulatory approval of the new facility is a milestone, but construction delays are costly.",3
"The share price appreciation benefits stakeholders, yet market volatility is unsettling.",3
"The company's stock price surged following the announcement of a new product line, but investors remain wary due to past quality control issues.",3
"Despite achieving record high sales, the company reported a decline in profit margins due to escalating production costs.",3
"The successful launch of the eco-friendly initiative gained positive public attention, yet it incurred significant upfront expenses impacting short-term profitability.",3
"While customer satisfaction ratings improved, the company's overall net income fell short of expectations this quarter.",3
The strategic partnership promises to boost market penetration but brings challenges in aligning corporate cultures.,3
"Earnings per share exceeded analysts' predictions; however, the guidance for next quarter was conservative due to economic uncertainties.",3
The expansion into the Asian market offers vast opportunities but also comes with heightened geopolitical risks.,3
The debt restructuring plan alleviated immediate cash flow issues but increased the company’s long-term liabilities.,3
"Productivity improved through automation, though the initial setup costs were higher than budgeted.",3
"The launch of the premium product line was well-received, though production delays have frustrated early adopters.",3
"The innovative marketing strategy enhanced brand visibility, but its actual impact on sales growth remains unclear.",3
"Although the dividend payout was increased, the company's cash reserves have dwindled.",3
"Market share grew significantly; however, the competitive landscape remains fierce with aggressive pricing strategies from rivals.",3
"The diversification strategy reduced dependency on a single revenue stream, yet it diluted focus on core competencies.",3
"The cost-cutting measures improved the bottom line, but employee morale has reportedly suffered.",3
"The CEO's strategic vision has been praised, though execution risks and potential regulatory challenges persist.",3
The renewable energy investments align with sustainability goals while pressuring short-term financial returns.,3
The digital transformation enhanced operational efficiencies at the cost of initial disruptions in workflow.,3
"The favorable currency exchange rates boosted revenues, though persistent supply chain bottlenecks remain a concern.",3
R&D investments promise long-term innovation though they temporarily depress current earnings.,3
"The flagship store's grand opening attracted significant foot traffic, but nearby construction negatively affected overall sales.",3
"A strong balance sheet supports future growth plans, though rising interest rates pose a refinancing challenge.",3
"Revenue from new markets doubled, but profitability was negatively impacted by increased localization expenses.",3
"The reduction in tax liabilities improved net income, whereas capital expenditure plans have been deferred.",3
"The successful IPO raised significant capital, though market volatility introduced unforeseen valuation fluctuations.",3
The board's decision to restructure the organization streamlined operations but led to significant layoffs.,3
The favorable economic indicators have bolstered consumer confidence while inflation rates continue to pose a threat.,3
"New leadership has revitalized the corporate strategy, yet the transition period has seen key managerial departures.",3
The merger created a stronger market position but has been plagued by integration difficulties.,3
"The company's robust patent portfolio secures competitive advantage, albeit contested by ongoing litigation.",3
"Quarterly revenues exceeded forecasts, yet increased cost of goods sold narrowed profit margins.",3
"The company entered a lucrative contract, but the reliance on a single client increases dependency risks.",3
"Global expansion efforts have broadened the customer base, yet volatile foreign exchange rates affect profitability.",3
"The company repurchased shares, enhancing shareholder value, while sacrificing cash reserves for future investments.",3
"Strategic divestitures improved focus on core operations, although they temporarily reduced total revenues.",3
"The new advertising campaign generated significant buzz, but conversion rates have been lower than expected.",3
"Vendor negotiations have reduced supply costs, although resulting in longer delivery lead times.",3
"A strong brand reputation supports pricing power, while emerging competitors pressure market share retention.",3
"The data breach's impact was mitigated by robust cybersecurity measures, yet brand perception remains affected.",3
"The successful bond issuance secured necessary funding, albeit at historically high interest rates.",3
"The technological upgrade promises long-term savings, but current implementation expenses burden the budget.",3
"The joint venture opens new market avenues, while cultural differences challenge collaborative efforts.",3
"A robust sales pipeline indicates growth potential, yet execution depends heavily on external economic conditions.",3
"The product recall was managed efficiently, whereas subsequent trust rebuilding with consumers is ongoing.",3
"The company's sustainable practices have won accolades, though profitability has taken a near-term hit.",3
"The restructuring strengthened the financial foundation, yet incurred substantial severance costs.",3
"The dividend hike delighted investors, though it strained the free cash flow available for other strategic initiatives.",3
The asset sale improved liquidity but resulted in a one-time accounting loss.,3
"The reduction in operational costs enhanced competitiveness, though it involved controversial offshoring measures.",3
"The strategic hire of a new CFO brought fresh expertise, yet sparked speculation about the company's financial health.",3
"The company's innovative product gained market traction, whereas production scalability remains a concern.",3
"The favorable weather conditions boosted agricultural yields, but fluctuating commodity prices eroded profit margins.",3
"The expansion of the loyalty program increased customer retention, although at higher promotional costs.",3
"The new distribution center improved delivery times, yet its construction exceeded the initial budget.",3
"The cost-reduction initiative was successful, though it led to temporary disruptions in service quality.",3
"The strategic alliance with a key industry player opens new channels, yet integration complexities may arise.",3
"The investment in digital marketing has shown increased engagement, albeit with uncertain conversion to sales.",3
"Strong brand partnerships have enhanced market position, yet over-reliance on few partners remains a vulnerability.",3
"The company secured a major government contract, though potential regulatory changes could affect terms.",3
"While the product received positive reviews, supply chain inefficiencies have delayed shipments.",3
"The successful cost-saving measures improved profitability, yet employee dissatisfaction has risen.",3
"The launch of the new app feature increased user engagement, although technical glitches have marred the experience.",3
"A positive earnings surprise lifted the stock price, but analyst concerns about future growth persist.",3
"The acquisition of a smaller competitor reduced market rivalry, yet integration costs were substantial.",3
"The improved credit rating lowers borrowing costs, though total debt levels remain a concern.",3
"The entry into the luxury segment opens new revenue streams, yet brand dilution risks must be managed.",3
"While the firm has reduced its carbon footprint, the costs to maintain these standards are high.",3
"Operational synergies from the merger have been realized sooner than expected, though employee turnover has increased.",3
"The successful patent infringement case secured competitive advantage, yet legal expenses were significant.",3
"The positive customer feedback on the new line is encouraging, yet initial return rates have been higher than projected.",3
"The diversification into digital offerings saw increased user numbers, although monetization remains challenging.",3
"The capital raise supports ambitious growth plans, yet shareholder dilution is a downside.",3
"The company's robust cash position allows for strategic acquisitions, yet low-interest rates incentivize spending.",3
The rebranding campaign rejuvenated market interest but required substantial marketing investment.,3
"A strong quarter for the e-commerce division suggests future growth, though logistics challenges persist.",3
"The streamlined supply chain reduced overheads, yet dependency on fewer suppliers has increased risk.",3
The positive subscription growth was marred by high churn rates in certain markets.,3
"The infrastructure investment promises enhanced productivity, although completion delays are anticipated.",3
"The increase in online sales reflects changing consumer behavior, while physical store traffic declines.",3
"The company’s innovative approach captured new demographics, though premium pricing limits broader adoption.",3
"The strategic real estate sale bolstered cash reserves, but recurring rental income is lost.",3
"Earnings improved from cost efficiencies, yet future growth requires significant reinvestment.",3
"The favorable settlement of the lawsuit lifted uncertainty, though the damages were substantial.",3
"The launch of the wellness campaign has resonated well, yet its impact on profitability remains to be seen.",3
"The foreign subsidiary's performance exceeded expectations, though currency volatility affected repatriated earnings.",3
"Strong leadership has driven strategic pivots, although the pace of change has been unsettling for some stakeholders.",3
"The introduction of a subscription model stabilizes revenue, yet initial signup incentives are costly.",3
"The vertical integration strategy enhances control over the supply chain, but capital intensity has increased.",3
"The positive media exposure raised brand awareness, while negative social media feedback highlighted customer service issues.",3
"The product advancement positions the company as an industry leader, yet patent challenges loom.",3
"The successful refinancing secures operational flexibility, albeit at a higher cost of capital.",3
"While the expansion improved geographic reach, local regulatory compliance has been resource-intensive.",3
"Increased advertising spending has driven brand recognition, though profit margins have tightened.",3
"The company launched an innovative product line, but regulatory challenges loom.",3
"Record-breaking sales were achieved, yet customer satisfaction dipped noticeably.",3
"Third-quarter profits exceeded expectations, although inventory levels reached a high risk point.",3
"The firm's debt refinancing improved liquidity, but interest expenses surged.",3
"Market expansion in Asia boosted revenues, while political tensions threaten stability.",3
"Dividend payouts increased, but the cash reserves saw a concerning dip.",3
"Earnings per share rose, yet the stock price remained volatile amid market uncertainties.",3
"New strategic partnerships were formed, though integration costs weighed heavily on profit margins.",3
"Customer base grew significantly, although retention rates showed a decline.",3
"The tech division saw robust growth, yet cybersecurity breaches posed serious risks.",3
"Operational efficiency improved, but raw material costs continue to rise.",3
"A strong balance sheet was reported, while unfunded pension liabilities raised alarms.",3
"Increased market penetration occurred, despite facing intense competition.",3
"The new CEO brought fresh ideas, yet employee morale suffered during restructuring.",3
"Supply chain improvements reduced delays, but freight costs escalated.",3
"A successful capital raise strengthened finances, though dilution concerns were noted by analysts.",3
"A favorable tax ruling enhanced net income, while regulatory scrutiny increased.",3
"Online sales soared, but brick-and-mortar locations faltered.",3
"Expansion into new markets showed potential, yet cultural barriers hindered progress.",3
"The latest ad campaign was a hit, though marketing expenses surged beyond budget.",3
"The research department made significant breakthroughs, yet patent disputes arose.",3
"A loyal customer base was maintained, but competitive pricing pressures remained.",3
"Infrastructure upgrades enhanced capabilities, yet led to project delays.",3
"The product received critical acclaim, despite facing manufacturing bottlenecks.",3
"Financial forecasts are optimistic, while geopolitical instability poses a threat.",3
"Job growth was reported across divisions, but wage expenses outpaced revenue growth.",3
"Customer engagement increased, though data privacy concerns were highlighted.",3
"Free cash flow improved markedly, yet capital expenditures are set to rise.",3
"The brand reputation strengthened, while legacy issues continue to surface.",3
"The rollout of eco-friendly products gained traction, yet profitability suffered initially.",3
"Strategic cost-cutting measures were effective, though employee turnover spiked.",3
"The share buyback program boosted stock value, while cash reserves dwindled.",3
"A high-profile endorsement boosted brand visibility, yet contractual obligations increased.",3
"The strategic review highlighted growth opportunities, but also uncovered significant risks.",3
"Positive feedback on the new service was received, although initial adoption rates were low.",3
"The company's social responsibility initiatives gained recognition, while operational inefficiencies persisted.",3
"A diversified portfolio offered protection, but underperformed in key sectors.",3
"The successful IPO raised capital, despite facing volatile market conditions.",3
"Product innovation drove competitive advantage, yet resulted in higher R&D costs.",3
"The firm achieved a top tier credit rating, while debt ratios remain elevated.",3
"The launch of the new platform attracted users, though technical glitches were reported.",3
"Global partnerships expanded reach, albeit at the expense of lower margins.",3
"Sales growth outpaced industry peers, yet a pending lawsuit cast uncertainty.",3
"Customer demand for premium products rose, but supply shortages impacted sales.",3
"Improved productivity was noted, while labor disputes continued to unfold.",3
"An increase in market capitalization was seen, though sector headwinds remain a concern.",3
"The automation strategy reduced costs, yet led to job losses.",3
"Achieving carbon neutrality won accolades, but incurred significant expense.",3
"A strategic divestiture improved focus, while short-term revenue took a hit.",3
"A joint venture created synergies, but cultural differences slowed implementation.",3
"The financial outlook remains strong, while currency fluctuations present challenges.",3
"The integration of the acquired firm was smooth, yet legal challenges are anticipated.",3
"A new distribution deal opened markets, though contract terms are restrictive.",3
"The brand's global presence expanded, while domestic market share declined.",3
"A favorable exchange rate boosted exports, yet import costs rose.",3
"The latest software release attracted users, but feature criticisms were noted.",3
"A major contract was secured, yet execution risks were highlighted.",3
"The product recall was handled efficiently, but brand trust took a hit.",3
"The earnings beat estimates, despite concerns over slowing sales growth.",3
"Strong consumer confidence was recorded, yet inflationary pressures increased.",3
"The sustainability report was praised, although carbon footprint targets were missed.",3
"A positive quarterly report was issued, while interest rate hikes posed future risks.",3
"The debt reduction strategy succeeded, yet limited resources for growth initiatives.",3
"Product diversification increased resilience, though core product sales lagged.",3
"A robust cash flow statement was filed, despite rising accounts receivable.",3
"Major technological advancements were achieved, yet adoption rates were slower than expected.",3
"The company's strategic pivot showed promise, while legacy challenges persisted.",3
"The new loyalty program increased engagement, though cost implications were significant.",3
"The stock's upward trajectory was noted, but volatility remained high.",3
"Regulatory approval was granted, while compliance costs are expected to rise.",3
"The data analytics division delivered insights, yet data security costs escalated.",3
"A high-profile partnership was secured, although execution timelines are tight.",3
"The innovation hub fostered creativity, but budget constraints limited projects.",3
"The new marketing strategy gained traction, yet brand differentiation issues were raised.",3
"The firm's diversification strategy mitigated risks, though returns were uneven.",3
"The leadership transition was smooth, while strategic differences were observed.",3
"A competitive pricing strategy drove volume, yet impacted margins.",3
"The brand achieved top market ranking, despite ongoing quality control issues.",3
"The entry into the digital space showed promise, while traditional channels suffered.",3
"Customer feedback highlighted product strengths, though service weaknesses were also noted.",3
"The successful cost management program improved margins, while growth initiatives slowed.",3
"The strategic vision was well-articulated, yet execution challenges are anticipated.",3
"The dividend yield remained attractive, while earnings growth was sluggish.",3
"The company was recognized for innovation, but patent expirations are looming.",3
"A resilient supply chain was established, though geopolitical risks remain.",3
"Rising consumer demand supported sales, yet logistics costs escalated.",3
"The sustainability strategy was applauded, while immediate financial benefits were unclear.",3
"The competitive landscape shifted favorably, but regulatory hurdles persist.",3
"The acquisition was accretive to earnings, though integration hurdles remain.",3
"Investor confidence improved, despite macroeconomic uncertainties.",3
"The digital transformation journey accelerated, while legacy system costs lingered.",3
"A strong pipeline of projects was identified, yet funding constraints are present.",3
"The market responded positively to the announcement, though execution risks are high.",3
"The company's strategic alliances strengthened its position, while independence concerns were raised.",3
"A surge in e-commerce demand was recorded, but fulfillment capacity was strained.",3
"The talent acquisition strategy attracted top talent, yet wage inflation increased.",3
"A well-received strategic update provided clarity, although growth targets were revised down.",3
"A record-setting fundraising round was completed, amid valuation concerns.",3
"The company's innovative product launch boosted sales, yet the initial rollout faced significant logistical challenges.",3
"While the firm secured a major contract, compliance issues with the deal have raised regulatory concerns.",3
"Record profits were achieved this quarter, but they were accompanied by a troubling increase in customer churn rates.",3
"The expansion into new markets increased revenue streams, though it also led to higher-than-expected operational costs.",3
"Earnings per share exceeded expectations, although the company's guidance for the next quarter remains conservative.",3
"Customer satisfaction scores have improved, but employee turnover has reached a new high.",3
"While the stock price hit an all-time high, the market remains wary due to geopolitical tensions.",3
"The successful merger synergies resulted in cost savings, yet integration costs surpassed forecasts.",3
"The digital transformation initiative enhanced efficiency, yet it required substantial upfront investment.",3
"Demand for the new product line was robust, but it was marred by production delays.",3
"The company managed to cut costs effectively, but this led to a reduction in product quality.",3
"Although the CEO's strategic vision is promising, internal conflicts have delayed its implementation.",3
"The company's entry into the Asian market showed initial success, but regulatory barriers remain a significant challenge.",3
"High customer loyalty was reported, yet competition in the sector intensified, affecting market share growth.",3
"The R&D efforts yielded groundbreaking technologies, but patent disputes have emerged.",3
"While the dividend payout was increased, cash reserves have subsequently depleted.",3
"The workforce reduction improved short-term profitability, yet it negatively impacted company morale.",3
"The latest technology upgrade enhanced system performance, but it also introduced new cybersecurity risks.",3
"The firm's commitment to sustainability attracted investors, though it increased operational expenses.",3
"The share buyback program boosted share value, but it limited resources for future acquisitions.",3
"The strategic partnership expanded distribution channels, but cultural differences led to initial misunderstandings.",3
"Although the company expanded its product portfolio, some new offerings have underperformed expectations.",3
"Positive economic indicators boosted consumer confidence, but inflationary pressures remain a concern.",3
"The favorable tax ruling improved net income, while political instability in key markets poses risks.",3
"Although the management team has extensive experience, recent strategic missteps have caused investor worry.",3
"The capital raise strengthened the balance sheet, yet it diluted existing shareholder value.",3
"The company's reputation for quality continues, but a recent scandal has tarnished its image.",3
"The robust pipeline of projects promises future growth, yet current execution challenges persist.",3
"Although the customer base expanded, net promoter scores indicate dissatisfaction with service levels.",3
"The successful IPO provided necessary capital, but it has increased public scrutiny and pressure.",3
"The increased online presence boosted sales, yet it was accompanied by rising cybersecurity threats.",3
"Strong brand recognition facilitates sales, although the company faces supply chain constraints.",3
"The CFO's departure raised concerns about stability, despite the firm’s solid financial performance.",3
"The innovative marketing campaign drove engagement, but conversion rates remained below expectations.",3
"Though market conditions have been favorable, increased regulatory oversight may hamper growth.",3
"The successful refinancing reduced interest expenses, yet it extended the debt maturity profile significantly.",3
"Strong international sales diversification improved stability, but currency volatility impacted earnings.",3
"The new leadership team has brought fresh ideas, yet the transition phase has been fraught with challenges.",3
"The company's philanthropic initiatives have improved public perception, though they strain financial resources.",3
"The cost-cutting measures have bolstered margins, but employee morale has been adversely affected.",3
"An increase in R&D spending promises innovation, yet it reduces short-term profitability metrics.",3
"Record subscription growth was noted, yet the company's ability to retain subscribers is uncertain.",3
"The investment in digital platforms improved customer experience, but profitability was temporarily impacted.",3
"The launch of the eco-friendly product line was well-received, though its cost structure remains high.",3
"While high liquidity provides a safety net, it suggests that investment opportunities may be lacking.",3
"The robust order backlog signals future revenues, yet current production capacity is stretched thin.",3
"The aggressive marketing strategy increased market penetration, but it led to a rise in advertising expenses.",3
"Although cybersecurity measures have been strengthened, recent breaches have highlighted vulnerabilities.",3
"The successful rebranding effort revitalized the brand image, but it involved significant costs.",3
"The company's commitment to innovation attracts top talent, yet retention has become an issue.",3
"The achievement of operational targets was impressive, though the broader market outlook is uncertain.",3
"The strategic divestiture unlocked shareholder value, but it reduced the company's growth potential.",3
"The favorable credit rating was reaffirmed, while interest rate hikes pose a future threat.",3
"The contract renewal with a major client secured revenue, but pricing concessions were necessary.",3
"The increase in market capitalization reflects confidence, yet the P/E ratio suggests overvaluation.",3
"New product patents strengthen competitive advantage, although litigation risks persist.",3
"The expansion of the retail network increased accessibility, but it strained logistics capabilities.",3
"The increased hedge fund interest drove up share price, but volatility concerns remain.",3
"Successful lobbying efforts reduced regulation, while potential backlash poses reputational risks.",3
"The company's proactive risk management reduced exposure, yet competitive pressures increase.",3
"The favorable settlement reduced legal liabilities, though associated costs were substantial.",3
"The favorable economic conditions spurred demand, yet raw material shortages remain a bottleneck.",3
"The increase in net income was commendable, but it was largely driven by one-time gains.",3
"The rise in market share was substantial, yet it was driven by aggressive pricing strategies.",3
"The company's strong cash flow supports dividends, but reinvestment has been limited.",3
"The diversified portfolio reduced risk exposure, but underperformance in key segments was noted.",3
"The successful talent acquisition enhanced capabilities, yet integration challenges emerged.",3
"The increase in online sales reflects demand, though it impacts traditional store performance.",3
"The streamlined operations improved margins, but led to a temporary disruption in services.",3
"The launch of the loyalty program increased engagement, but redemption rates impacted profitability.",3
"While the joint venture expanded capabilities, conflicting interests have arisen.",3
"The uptick in consumer confidence boosted sales, yet economic uncertainty lingers.",3
"The commitment to ethical sourcing improved brand perception, albeit at higher costs.",3
"The successful debt restructuring improved solvency, yet it resulted in higher interest payments.",3
"The increase in direct-to-consumer sales boosted margins, but logistical complexities increased.",3
"The favorable trade agreement opened new markets, yet compliance costs increased.",3
"The strong quarterly performance met expectations, though forward guidance was cautious.",3
"The acquisition provided strategic benefits, but integration costs remain high.",3
"The increase in dividends pleased shareholders, while reinvestment opportunities were limited.",3
"The reduced cost of goods sold improved margins, yet impacted supplier relationships.",3
"The favorable market dynamics supported growth, despite rising competitive intensity.",3
"The effective cost management improved profitability, though innovation spending was curtailed.",3
"The successful product differentiation increased brand value, yet competition remains intense.",3
"The increase in regulatory compliance improved standards, though it raised operational complexity.",3
"The strategic focus on core competencies increased efficiency, but limited diversification.",3
"The upgraded infrastructure enhanced capacity, while exceeding budget forecasts.",3
"The strategic divestiture streamlined operations, yet reduced revenue streams.",3
"The implementation of AI technologies advanced capabilities, but workforce reductions caused unrest.",3
"The favorable media coverage boosted reputation, though scrutiny over practices intensified.",3
"The strengthened governance framework improved oversight, while increased auditing costs.",3
"The phased market entry strategy balanced risk, yet delayed potential revenue realization.",3
"The successful market research provided insights, though it required significant investment.",3
"The product recall impacted short-term sales, yet long-term brand trust was strengthened.",3
"The robust dividend yield attracted income investors, while growth investors raised concerns.",3
"The increase in forward contracts hedged risks, but limited upside potential.",3
"The new distribution partnership expanded reach, although it involved substantial revenue sharing.",3
"The reduced leverage improved financial stability, while limiting return on equity.",3
"The strategic partnership enhanced product offerings, yet cultural integration issues persisted.",3
"The boosted R&D pipeline signals innovation, but execution timelines remain uncertain.",3
"The improved working capital efficiency increased liquidity, yet supply chain disruptions continued.",3
"The positive analyst coverage supported stock price, while market skepticism persisted.",3
"The refinancing lowered interest payments, but covenant restrictions increased.",3
"The increased cloud adoption improved scalability, while data privacy concerns grew.",3
"The company's innovative product line boosted sales, yet supply chain disruptions limited overall profitability.",3
"While the merger promises to enhance competitive positioning, it also introduces significant integration challenges.",3
"Q2 results exceeded expectations, but the stock price remains volatile due to geopolitical uncertainties.",3
"Investment in R&D has accelerated innovation, though it has also increased short-term expenses.",3
"The new partnership is expected to drive revenue growth, but cultural differences could hinder synergy realization.",3
"The firm achieved record-high revenues, although mounting regulatory pressure poses a potential threat.",3
"Expansion into new markets increased brand recognition, albeit at the cost of higher marketing expenditures.",3
"The CEO's visionary leadership has invigorated the company, yet high executive turnover raises concerns.",3
"The successful product launch captured market attention, but logistical issues dampened immediate returns.",3
"The strategic divestiture enhanced focus on core operations, while reducing overall revenue base.",3
"Customer satisfaction scores soared, but the company is facing lawsuits that could impact its reputation.",3
"The stock buyback program is set to enhance shareholder value, but drains cash reserves critically needed for expansion.",3
"New technology adoption improved operational efficiency, though it necessitated significant upfront investments.",3
"The company's global footprint has expanded, however, foreign exchange volatility continues to erode profits.",3
"Despite a robust patent portfolio, impending expirations could challenge future revenue streams.",3
"The board approved a generous dividend hike, yet flagged potential liquidity constraints going forward.",3
"Recent strategic hires brought fresh expertise, but onboarding costs hit the bottom line this quarter.",3
"Customer retention improved dramatically, though acquisition costs remain prohibitively high.",3
"Despite strong brand loyalty, increased competition is putting pressure on pricing strategies.",3
"While the digital transformation initiative is underway, legacy systems continue to generate high maintenance costs.",3
"Market share has grown impressively, but the regulatory environment remains unpredictable.",3
"Return on equity surged, although rising interest rates could dampen future returns.",3
"The debt restructuring provided short-term relief, meanwhile, it poses long-term repayment risks.",3
"Newly forged alliances are opening up growth opportunities, yet they come with potential conflicts of interest.",3
"The upswing in consumer spending benefited revenues, but inflationary pressures are impacting profit margins.",3
Impressive e-commerce growth contrasts with declining foot traffic in brick-and-mortar locations.,3
"Advancements in AI have optimized business processes, though they have raised ethical concerns.",3
"The successful IPO has improved capital position, but it faced initial market skepticism.",3
"The dividend yield remains attractive, while the payout ratio suggests potential unsustainability.",3
Positive quarterly earnings contrast with a downward revision in annual guidance.,3
"The capital investment in renewable energy positions the company for future growth, yet it incurs substantial initial costs.",3
"The joint venture expanded the product portfolio, but it diluted earnings per share.",3
"A strong balance sheet supports expansion plans, but geopolitical tensions could impact operations.",3
"The company reached a settlement agreement, reducing legal liabilities but impacting financial flexibility.",3
"Aggressive marketing campaigns boosted brand visibility, though they have not translated into immediate sales growth.",3
"The workforce expansion aims to enhance productivity, but wage inflation pressures persist.",3
"The latest fiscal policy changes benefit the bottom line, while introducing compliance complexities.",3
"The new CEO's strategy has revitalized investor confidence, yet execution risks remain high.",3
"Despite a high asset turnover ratio, fixed costs are increasing at an unsustainable rate.",3
The partnership with industry leaders strengthens market position but raises antitrust concerns.,3
"The transition to a subscription model increased recurring revenue, at the cost of short-term profit decline.",3
"The central bank's rate cut offers borrowing relief, but signals economic slowdown concerns.",3
"The acquisition of a tech startup catalyzes innovation, while significantly diluting existing shareholder equity.",3
The strong dollar benefits imports but reduces competitiveness abroad.,3
"Despite robust free cash flow generation, future capital expenditures are projected to rise.",3
"The product recall protects customer trust, though it impacts this quarter's earnings.",3
"While new product features receive positive reviews, production costs are spiraling.",3
"The environmental initiative enhances corporate responsibility, but it strains financial resources.",3
"The company's foray into new technologies has been well-received, although it faces steep competition.",3
"Despite positive feedback, the pilot program's scalability is uncertain.",3
Cost-cutting measures improved margins but resulted in a talent exodus.,3
"The global expansion strategy diversifies revenue sources, yet exposes the firm to foreign policy shifts.",3
"The successful debt issuance improved liquidity, but increased interest obligations.",3
"While the firm holds a leadership position, its aging product line requires urgent innovation.",3
"The economic stimulus has spurred demand, yet supply constraints limit fulfillment.",3
"The strategic pivot focuses on digital channels, though traditional revenues are declining.",3
"The customer loyalty program is yielding engagement benefits, albeit with higher churn rate concerns.",3
"Data analytics initiatives are driving insights, but data privacy issues could arise.",3
"Despite a high current ratio, inventory turnover has slowed considerably.",3
"The restructuring plan aims to streamline operations, raising execution uncertainty.",3
"Positive analyst upgrades have elevated stock ratings, while insider selling raises eyebrows.",3
The credit line extension improves financial flexibility yet adds to overall leverage.,3
The industry recognition bolsters brand equity but hasn't mitigated rising input costs.,3
"The successful patent litigation secures intellectual property, though legal costs were substantial.",3
"The economic recovery supports revenue growth, but labor shortages remain a challenge.",3
The award-winning advertising campaign increased brand appeal but exceeded budget constraints.,3
"The strategic partnership enables cross-selling opportunities, yet integration overheads are significant.",3
"Despite solid liquidity, the company faces near-term refinancing needs.",3
"The cybersecurity investment safeguards data integrity, but reduces margins temporarily.",3
"The innovative supply chain solution promises efficiency gains, though initial disruptions are expected.",3
"The spin-off enhances strategic clarity, even as it leads to revenue contraction.",3
"The competitive pricing strategy attracts customers, while squeezing profit margins.",3
"The seasonal uptick in sales was impressive, but inventory overstocking is a concern.",3
"The robust demand for new products supports revenue growth, but delivery delays are impacting customer satisfaction.",3
"The renewable energy initiatives align with sustainability goals, though they represent a significant financial commitment.",3
"The restructuring effort is yielding initial cost savings, yet morale challenges persist.",3
"The strategic divestment sharpened focus, even as it resulted in a one-time loss.",3
"The new service offerings gained traction, but customer support costs increased.",3
"The robust supply chain capabilities mitigate risks, but input cost volatility persists.",3
"The regulatory approval expands market opportunities, while compliance costs are substantial.",3
"The expansion into emerging markets presents growth potential, yet currency fluctuations present risks.",3
"The fiscal year ended with a profit increase, tempered by rising tax obligations.",3
"The share price recovery reflects improved outlook, although market volatility remains.",3
"The new CFO's strategic insights are promising, yet the financial restatement issue lingers.",3
"The successful refinancing lowers interest expenses, while the overall debt load remains high.",3
"The new manufacturing facility increases capacity, yet requires substantial capital investment.",3
"The strategic alliances expand distribution networks, yet risk potential channel conflicts.",3
"The steady rise in average transaction value boosts revenue, but high return rates are concerning.",3
"While customer acquisition has improved, retention strategies need enhancement.",3
"The economic slowdown dampens demand, though cost management efforts yield savings.",3
"The digital transformation enhances customer experience, yet legacy system decommissioning is costly.",3
"The increase in gross margin reflects pricing power, but operational costs have escalated.",3
"The lower tax rate boosts net income, even as pre-tax earnings decline.",3
